-- --------------------------------------------------------
-- Хост:                         127.0.0.1
-- Версия сервера:               8.0.15 - MySQL Community Server - GPL
-- Операционная система:         Win64
-- HeidiSQL Версия:              11.3.0.6295
-- --------------------------------------------------------

/*!40101 SET @OLD_CHARACTER_SET_CLIENT=@@CHARACTER_SET_CLIENT */;
/*!40101 SET NAMES utf8 */;
/*!50503 SET NAMES utf8mb4 */;
/*!40014 SET @OLD_FOREIGN_KEY_CHECKS=@@FOREIGN_KEY_CHECKS, FOREIGN_KEY_CHECKS=0 */;
/*!40101 SET @OLD_SQL_MODE=@@SQL_MODE, SQL_MODE='NO_AUTO_VALUE_ON_ZERO' */;
/*!40111 SET @OLD_SQL_NOTES=@@SQL_NOTES, SQL_NOTES=0 */;


-- Дамп структуры базы данных judiciary
CREATE DATABASE IF NOT EXISTS `judiciary` /*!40100 DEFAULT CHARACTER SET utf8 */;
USE `judiciary`;

-- Дамп структуры для таблица judiciary.arbiters
CREATE TABLE IF NOT EXISTS `arbiters` (
  `id` int(11) NOT NULL AUTO_INCREMENT,
  `POST` text,
  `S_NAME` varchar(200) CHARACTER SET utf8 COLLATE utf8_general_ci DEFAULT NULL,
  `F_NAME` varchar(200) CHARACTER SET utf8 COLLATE utf8_general_ci DEFAULT NULL,
  `A_NAME` varchar(200) CHARACTER SET utf8 COLLATE utf8_general_ci DEFAULT NULL,
  `COURT` int(11) DEFAULT NULL,
  PRIMARY KEY (`id`),
  KEY `COURT` (`COURT`)
) ENGINE=InnoDB AUTO_INCREMENT=9 DEFAULT CHARSET=utf8 COMMENT='Судьи';

-- Дамп данных таблицы judiciary.arbiters: ~0 rows (приблизительно)
/*!40000 ALTER TABLE `arbiters` DISABLE KEYS */;
INSERT IGNORE INTO `arbiters` (`id`, `POST`, `S_NAME`, `F_NAME`, `A_NAME`, `COURT`) VALUES
	(1, 'Судья', 'Алексеев', 'Алексей', 'Алексеевич', 1),
	(2, 'Судья', 'Борисов', 'Борис', 'Борисович', 1),
	(3, 'Судья', 'Владимиров', 'Владимир', 'Владимирович', 2),
	(4, 'Судья', 'Геннадьев', 'Геннадий', 'Геннадьевич', 2),
	(5, 'Судья', 'Данилов', 'Даниил', 'Данилович', 3),
	(6, 'Судья', 'Егоров', 'Егор', 'Егорович', 3),
	(7, 'Судья', 'Иванов', 'Иван', 'Иванович', 4),
	(8, 'Судья', 'Кириллов', 'Кирилл', 'Кириллович', 4);
/*!40000 ALTER TABLE `arbiters` ENABLE KEYS */;

-- Дамп структуры для таблица judiciary.courts
CREATE TABLE IF NOT EXISTS `courts` (
  `id` int(11) NOT NULL AUTO_INCREMENT,
  `TITLE` text,
  `DISTRICT` text,
  `REGION` text,
  `PHONE` varchar(200) CHARACTER SET utf8 COLLATE utf8_general_ci DEFAULT NULL,
  `SITE` varchar(200) CHARACTER SET utf8 COLLATE utf8_general_ci DEFAULT NULL,
  `ADRESS` text,
  `HEAD` varchar(200) CHARACTER SET utf8 COLLATE utf8_general_ci DEFAULT NULL,
  PRIMARY KEY (`id`)
) ENGINE=InnoDB AUTO_INCREMENT=5 DEFAULT CHARSET=utf8 COMMENT='Суды';

-- Дамп данных таблицы judiciary.courts: ~0 rows (приблизительно)
/*!40000 ALTER TABLE `courts` DISABLE KEYS */;
INSERT IGNORE INTO `courts` (`id`, `TITLE`, `DISTRICT`, `REGION`, `PHONE`, `SITE`, `ADRESS`, `HEAD`) VALUES
	(1, 'Прикубанский районный суд города Краснодара', 'Прикубанский', 'Краснодарский край', '(861) 220-26-14', 'krasnodar-prikubansky.krd.sudrf.ru', 'г. Краснодар, улица Тургенева, 111', 'Беспалов Александр Викторович'),
	(2, 'Первомайский районный суд города Краснодара', 'Первомайский', 'Краснодарский край', '(861) 224-17-53', 'pervomaisky.krd.sudrf.ru', 'г. Краснодар, Колхозная улица, 92', 'Фойгель Кирилл Михайлович'),
	(3, 'Советский районный суд города Краснодара', 'Советский', 'Краснодарский край', '(861) 231-67-78', 'krasnodar-sovetsky.krd.sudrf.ru', 'г. Краснодар, улица Ставропольская, 207', 'Колониченков Роман Александрович'),
	(4, 'Ленинский районный суд города Краснодара', 'Ленинский', 'Краснодарский край', '(861) 224-19-19', 'krasnodar-leninsky.krd.sudrf.ru', 'г. Краснодар, улица Федора Лузана, 38', 'Горлов Алексей Сергеевич');
/*!40000 ALTER TABLE `courts` ENABLE KEYS */;

-- Дамп структуры для таблица judiciary.documents
CREATE TABLE IF NOT EXISTS `documents` (
  `id` int(11) NOT NULL AUTO_INCREMENT,
  `MEMBER_ID` int(11) DEFAULT NULL,
  `PROCESS_ID` int(11) DEFAULT NULL,
  `TYPE` varchar(200) CHARACTER SET utf8 COLLATE utf8_general_ci DEFAULT NULL,
  `NUMBER` varchar(200) CHARACTER SET utf8 COLLATE utf8_general_ci DEFAULT NULL,
  `DATE_INS` datetime DEFAULT NULL,
  `DATE_APPR` datetime DEFAULT NULL,
  `RESULT` text,
  `FILE` text,
  PRIMARY KEY (`id`),
  KEY `PROCESS_ID` (`PROCESS_ID`),
  KEY `MEMBER_ID` (`MEMBER_ID`)
) ENGINE=InnoDB AUTO_INCREMENT=29 DEFAULT CHARSET=utf8 COMMENT='Документы судебного процесса';

-- Дамп данных таблицы judiciary.documents: ~0 rows (приблизительно)
/*!40000 ALTER TABLE `documents` DISABLE KEYS */;
INSERT IGNORE INTO `documents` (`id`, `MEMBER_ID`, `PROCESS_ID`, `TYPE`, `NUMBER`, `DATE_INS`, `DATE_APPR`, `RESULT`, `FILE`) VALUES
	(1, 1, 1, 'Исковое заявление', '1', '2024-12-01 10:00:00', '2024-12-01 15:30:00', 'Принято', '2024-1-1_Исковое заявление.pdf '),
	(2, 2, 1, 'Заявление ответчика', '2', '2024-12-02 11:00:00', '2024-12-02 16:00:00', 'Принято', '2024-1-1_Заявление ответчика.pdf '),
	(3, 1, 1, 'Решение суда', '2024-1-1', '2024-12-10 15:00:00', '2024-12-10 15:00:00', 'Вступило в законную силу', '2024-1-1_Решение суда.pdf '),
	(4, 4, 2, 'Исковое заявление', '2024-3-1-И', '2024-01-23 10:00:00', '2024-01-25 15:00:00', 'Принято', '2024-1-2_Исковое заявление.pdf '),
	(5, 0, 2, 'Решение суда', '2024-3-1-Р', '2024-02-15 14:00:00', '2024-02-15 14:00:00', 'Вступило в законную силу', '2024-1-2_Решение суда.pdf '),
	(6, 7, 3, 'Исковое заявление', '2024-2-1-И', '2024-01-07 11:30:00', '2024-02-07 11:30:00', 'Принято', '2024-1-3_Исковое заявление.pdf '),
	(7, 8, 3, 'Отзыв ответчика', '2024-2-1-О', '2024-02-26 11:00:00', '2024-02-29 11:10:00', 'Принято', '2024-1-3_Отзыв ответчика.pdf '),
	(8, 7, 4, 'Исковое заявление', '2024-1-2-И', '2024-02-15 11:25:00', '2024-02-19 12:15:00', 'Принято', '2024-1-4_Исковое заявление.pdf '),
	(9, 9, 4, 'Отзыв ответчика', '2024-1-2', '2024-04-26 11:30:00', '2024-04-30 11:10:00', 'Принято', '2024-1-4_Отзыв ответчика.pdf '),
	(10, 0, 4, 'Решение суда', '2024-1-2-Р', '2024-05-15 16:00:00', '2024-05-15 16:00:00', 'Вступило в законную силу', '2024-1-4_Решение суда.pdf '),
	(11, 2, 5, 'Исковое заявление', '2024-4-1-И', '2024-03-11 11:10:00', '2024-03-12 10:10:00', 'Принято', '2024-1-5_Исковое заявление.pdf '),
	(12, 11, 5, 'Отзыв ответчика', '2024-4-1-О', '2024-05-13 12:30:00', '2024-05-14 11:10:00', 'Принято', '2024-1-5_Отзыв ответчика.pdf '),
	(13, 0, 5, 'Решение суда', '2024-4-1-Р', '2024-05-15 15:30:00', '2024-05-15 15:30:00', 'Вступило в законную силу', '2024-1-5_Решение суда.pdf '),
	(14, 12, 6, 'Исковое заявление', '2024-4-2-И', '2024-04-12 10:00:00', '2024-04-15 11:25:00', 'Принято', '2024-1-6_Исковое заявление.pdf '),
	(15, 7, 7, 'Исковое заявление', '2024-1-3-И', '2024-05-15 12:30:00', '2024-05-21 15:40:00', 'Принято', '2024-1-7_Исковое заявление.pdf '),
	(16, 14, 7, 'Отзыв ответчика', '2024-1-3-О', '2024-07-22 12:30:00', '2024-07-22 14:30:00', 'Отклонено', '2024-1-7_Отзыв ответчика.pdf '),
	(17, 0, 7, 'Решение суда', '2024-1-3-Р', '2024-07-22 14:30:00', '2024-07-22 14:30:00', 'Вступило в законную силу', '2024-1-7_Решение суда.pdf '),
	(18, 15, 8, 'Исковое заявление', '2024-2-2-И', '2024-06-17 10:40:00', '2024-06-19 09:40:00', 'Принято', '2024-1-8_Исковое заявление.pdf '),
	(19, 8, 8, 'Отзыв ответчика', '2024-2-2-О', '2024-09-11 12:30:00', '2024-09-12 11:10:00', 'Принято', '2024-1-8_Отзыв ответчика.pdf '),
	(20, 0, 8, 'Решение суда', '2024-2-2-Р', '2024-09-15 15:40:00', '2024-09-15 15:40:00', 'Вступило в законную силу', '2024-1-8_Решение суда.pdf '),
	(21, 7, 9, 'Исковое заявление', '2024-3-2-И', '2024-07-04 10:10:00', '2024-07-08 11:45:00', 'Принято', '2024-1-9_Исковое заявление.pdf '),
	(22, 17, 10, 'Исковое заявление', '2024-3-3-И', '2024-08-15 16:35:00', '2024-08-20 09:55:00', 'Принято', '2024-1-10_Исковое заявление.pdf '),
	(23, 11, 10, 'Отзыв ответчика', '2024-3-3-О', '2024-09-27 15:30:00', '2024-09-30 10:10:00', 'Принято', '2024-1-10_Отзыв ответчика.pdf '),
	(24, 0, 10, 'Решение суда', '2024-3-3-Р', '2024-10-23 16:30:00', '2024-10-23 16:30:00', 'Вступило в законную силу', '2024-1-10_Решение суда.pdf '),
	(25, 18, 11, 'Исковое заявление', '2024-2-3-И', '2024-09-20 12:20:00', '2024-09-23 15:25:00', 'Принято', '2024-1-11_Исковое заявление.pdf '),
	(26, 0, 11, 'Решение суда', '2024-2-3-Р', '2024-11-20 14:30:00', '2024-11-20 14:30:00', 'Вступило в законную силу', '2024-1-11_Решение суда.pdf '),
	(27, 4, 12, 'Исковое заявление', '2024-4-3-И', '2024-10-21 09:55:00', '2024-10-22 11:55:00', 'Принято', '2024-1-12_Исковое заявление.pdf '),
	(28, 19, 13, 'Исковое заявление', '2024-1-4-И', '2024-11-19 15:30:00', '2024-11-20 10:55:00', 'Принято', '2024-1-13_Исковое заявление.pdf ');
/*!40000 ALTER TABLE `documents` ENABLE KEYS */;

-- Дамп структуры для таблица judiciary.members
CREATE TABLE IF NOT EXISTS `members` (
  `id` int(11) NOT NULL AUTO_INCREMENT,
  `PROCESS_ID` int(11) DEFAULT NULL,
  `CATEGORY` varchar(200) CHARACTER SET utf8 COLLATE utf8_general_ci DEFAULT NULL,
  `S_NAME` varchar(200) CHARACTER SET utf8 COLLATE utf8_general_ci DEFAULT NULL,
  `F_NAME` varchar(200) CHARACTER SET utf8 COLLATE utf8_general_ci DEFAULT NULL,
  `A_NAME` varchar(200) CHARACTER SET utf8 COLLATE utf8_general_ci DEFAULT NULL,
  `BIRTH` date DEFAULT NULL,
  `SUBJECT` varchar(200) DEFAULT NULL,
  `ORGANIZATION` varchar(400) CHARACTER SET utf8 COLLATE utf8_general_ci DEFAULT NULL,
  `PHONE` varchar(200) CHARACTER SET utf8 COLLATE utf8_general_ci DEFAULT NULL,
  `MAIL` varchar(200) CHARACTER SET utf8 COLLATE utf8_general_ci DEFAULT NULL,
  PRIMARY KEY (`id`),
  KEY `S_NAME` (`S_NAME`),
  KEY `F_NAME` (`F_NAME`),
  KEY `A_NAME` (`A_NAME`),
  KEY `ORGANIZATION` (`ORGANIZATION`),
  KEY `PHONE` (`PHONE`),
  KEY `MAIL` (`MAIL`),
  KEY `PROCESS_ID` (`PROCESS_ID`)
) ENGINE=InnoDB AUTO_INCREMENT=35 DEFAULT CHARSET=utf8 COMMENT='Участники судебного процесса';

-- Дамп данных таблицы judiciary.members: ~0 rows (приблизительно)
/*!40000 ALTER TABLE `members` DISABLE KEYS */;
INSERT IGNORE INTO `members` (`id`, `PROCESS_ID`, `CATEGORY`, `S_NAME`, `F_NAME`, `A_NAME`, `BIRTH`, `SUBJECT`, `ORGANIZATION`, `PHONE`, `MAIL`) VALUES
	(1, 1, 'Истец', 'Сидоров', 'Сергей', 'Николаевич', '1980-11-20', 'Физическое лицо', '', '89201234567', 'sidorov.sn@mail.ru'),
	(2, 1, 'Адвокат', 'Кузин', 'Андрей', 'Владимирович', '1978-05-10', '', 'Кузин и партнёры', '89189876543', 'kyzin@mail.ru'),
	(3, 1, 'Ответчик', 'Николаев', 'Иван', 'Петрович', '1988-07-15', 'Юридическое лицо', 'ООО «Разметка»', '2134567', 'razmetka@yandex.ru'),
	(4, 2, 'Истец', 'Петрова', 'Анна ', 'Петровна', '1987-07-16', 'Физическое лицо', '', '89181334567', 'petrova@mail.ru'),
	(5, 2, 'Ответчик', 'Авдеева', 'Ева', 'Олеговна', '1991-06-06', 'Юридическое лицо', 'ООО «Товары»', '89181567548', 'ppetrov@yandex.ru'),
	(6, 3, 'Истец', 'Макаров', 'Макар', 'Макарович', '1990-01-15', 'Физическое лицо', '', '89183457609', 'makar@yandex.ru'),
	(7, 3, 'Адвокат', 'Михайлов', 'Михаил', 'Михайлович', '1970-03-08', '', 'Юрайт и К', '2020202', 'urait@mail.ru'),
	(8, 3, 'Ответчик', 'Авдеева', 'Ева', 'Олеговна', '1991-06-06', 'Юридическое лицо', 'ООО «Товары»', '2331404', 'goods@yandex.ru'),
	(9, 4, 'Истец', 'Макаров', 'Макар', 'Макарович', '1990-01-15', 'Физическое лицо', '', '89183457609', 'makar@yandex.ru'),
	(10, 4, 'Адвокат', 'Михайлов', 'Михаил', 'Михайлович', '1970-03-08', '', 'Юрайт и К', '2020202', 'urait@mail.ru'),
	(11, 4, 'Ответчик', 'Афанасьева', 'Клара', 'Карловна', '1971-08-05', 'Юридическое лицо', 'УК «Двор»', '2029501', 'dvor@yandex.ru'),
	(12, 5, 'Истец', 'Макарова', 'Мария', 'Ивановна', '1955-02-11', 'Физическое лицо', '', '89186478900', 'ivanovna@yandex.ru'),
	(13, 5, 'Адвокат', 'Кузин', 'Андрей', 'Владимирович', '1978-05-10', '', 'Кузин и партнёры', '89189876543', 'kyzin@mail.ru'),
	(14, 5, 'Ответчик', 'Антонов', 'Антон', 'Антонович', '1992-10-11', 'Юридическое лицо', 'Пенсионный фонд', '89333998145', 'pf@mail.ru'),
	(15, 6, 'Истец', 'Донских', 'Евгений', 'Евгеньевич', '1988-05-04', 'Физическое лицо', '', '89187652345', 'don@yandex.ru'),
	(16, 6, 'Адвокат', 'Кузин', 'Андрей', 'Владимирович', '1978-05-10', '', 'Кузин и партнёры', '89189876543', 'kyzin@mail.ru'),
	(17, 6, 'Ответчик', 'Николаев', 'Иван', 'Петрович', '1988-07-15', 'Юридическое лицо', 'ООО «Разметка+»', '2134567', 'razmetka@yandex.ru'),
	(18, 7, 'Истец', 'Николаев', 'Николай', 'Николаевич', '1989-01-14', 'Физическое лицо', '', '89187890635', 'kolia@mail.ru'),
	(19, 7, 'Ответчик', 'Николаева', 'Мария', 'Александровна', '1992-10-06', 'Физическое лицо', '', '89187890077', 'maria@mail.ru'),
	(20, 8, 'Истец', 'Тарасов', 'Петр', 'Петрович', '1965-09-30', 'Физическое лицо', '', '89187654091', 'tarasovp@mail.ru'),
	(21, 8, 'Адвокат', 'Михайлов', 'Михаил', 'Михайлович', '1970-03-08', '', 'Юрайт и К', '2020202', 'urait@mail.ru'),
	(22, 8, 'Ответчик', 'Авдеева', 'Ева', 'Олеговна', '1991-06-06', 'Юридическое лицо', 'ООО «Товары»', '2331404', 'goods@yandex.ru'),
	(23, 9, 'Истец', 'Егорова', 'Елена', 'Владимировна', '1987-05-08', 'Физическое лицо', '', '89180007744', 'egorova@mail.ru'),
	(24, 9, 'Адвокат', 'Михайлов', 'Михаил', 'Михайлович', '1970-03-08', '', 'Юрайт и К', '2020202', 'urait@mail.ru'),
	(25, 9, 'Ответчик', 'Афанасьева', 'Клара', 'Карловна', '1971-08-05', 'Юридическое лицо', 'УК «Двор»', '2029501', 'dvor@yandex.ru'),
	(26, 10, 'Истец', 'Афанасьев', 'Петр', 'Афанасьевич', '1953-09-09', 'Физическое лицо', '', '89187653045', 'afonia@mail.ru'),
	(27, 10, 'Адвокат', 'Кузин', 'Андрей', 'Владимирович', '1978-05-10', '', 'Кузин и партнёры', '89189876543', 'kyzin@mail.ru'),
	(28, 10, 'Ответчик', 'Антонов', 'Антон', 'Антонович', '1992-10-11', 'Юридическое лицо', 'Пенсионный фонд', '8918338145', 'pf@mail.ru'),
	(29, 11, 'Истец', 'Победный', 'Виктор', 'Викторович', '1987-02-17', 'Физическое лицо', '', '89187650534', 'vitia@mail.ru'),
	(30, 11, 'Ответчик', 'Авдеева', 'Ева', 'Олеговна', '1991-06-06', 'Юридическое лицо', 'ООО «Товары»', '2331404', 'goods@yandex.ru'),
	(31, 12, 'Истец', 'Петрова', 'Анна ', 'Петровна', '1987-07-16', 'Физическое лицо', '', '89181334567', 'petrova@mail.ru'),
	(32, 12, 'Ответчик', 'Авдеева', 'Ева', 'Олеговна', '1991-06-06', 'Юридическое лицо', 'ООО «Товары и вещи»', '2331404', 'goodsandgoods@mail.ru'),
	(33, 13, 'Истец', 'Малаев', 'Андрей', 'Андреевич', '1982-10-10', 'Физическое лицо', '', '89180891278', 'malaevman@mail.ru'),
	(34, 13, 'Ответчик', 'Малаева', 'Анна', 'Ивановна', '1989-07-16', 'Физическое лицо', '', '89180000022', 'malaevwoman@mail.ru');
/*!40000 ALTER TABLE `members` ENABLE KEYS */;

-- Дамп структуры для таблица judiciary.processes
CREATE TABLE IF NOT EXISTS `processes` (
  `id` int(11) NOT NULL AUTO_INCREMENT,
  `NUMBER` varchar(200) CHARACTER SET utf8 COLLATE utf8_general_ci DEFAULT NULL,
  `CATEGORY` varchar(200) CHARACTER SET utf8 COLLATE utf8_general_ci DEFAULT NULL,
  `DATE_OPEN` datetime DEFAULT NULL,
  `DATE_CLOSE` datetime DEFAULT NULL,
  `STATUS` varchar(200) CHARACTER SET utf8 COLLATE utf8_general_ci DEFAULT NULL,
  `DECISION` varchar(200) CHARACTER SET utf8 COLLATE utf8_general_ci DEFAULT NULL,
  `COURT` int(11) DEFAULT NULL,
  `ARBITER` int(11) DEFAULT NULL,
  PRIMARY KEY (`id`),
  KEY `COURT` (`COURT`),
  KEY `ARBITER` (`ARBITER`),
  KEY `DATE_OPEN` (`DATE_OPEN`),
  KEY `DATE_CLOSE` (`DATE_CLOSE`)
) ENGINE=InnoDB AUTO_INCREMENT=14 DEFAULT CHARSET=utf8 COMMENT='Судебные дела/процессы';

-- Дамп данных таблицы judiciary.processes: ~0 rows (приблизительно)
/*!40000 ALTER TABLE `processes` DISABLE KEYS */;
INSERT IGNORE INTO `processes` (`id`, `NUMBER`, `CATEGORY`, `DATE_OPEN`, `DATE_CLOSE`, `STATUS`, `DECISION`, `COURT`, `ARBITER`) VALUES
	(1, '2024-1-1', 'Трудовые споры', '2024-12-01 10:00:00', '2024-12-10 15:00:00', 'Закрыт', 'Удовлетворен', 1, 1),
	(2, '2024-3-1', 'Гражданские споры', '2024-01-23 10:00:00', '2024-02-15 14:00:00', 'Закрыт', 'Удовлетворен', 3, 6),
	(3, '2024-2-1', 'Гражданские споры', '2024-02-07 11:30:00', NULL, 'Рассмотрение', NULL, 2, 3),
	(4, '2024-1-2', 'Жилищные споры и ЖКХ', '2024-02-19 12:15:00', '2024-05-15 16:00:00', 'Закрыт', 'Отказано', 1, 2),
	(5, '2024-4-1', 'Социальное обеспечение', '2024-02-19 12:15:00', '2024-05-15 15:30:00', 'Закрыт', 'Удовлетворен', 4, 7),
	(6, '2024-4-2', 'Трудовые споры', '2024-04-15 11:25:00', NULL, 'Рассмотрение', NULL, 4, 8),
	(7, '2024-1-3', 'Семейные споры', '2024-05-21 15:40:00', '2024-07-22 14:30:00', 'Закрыт', 'Отказано', 1, 2),
	(8, '2024-2-2', 'Гражданские споры', '2024-06-19 09:40:00', '2024-09-15 15:40:00', 'Закрыт', 'Отказано', 2, 4),
	(9, '2024-3-2', 'Жилищные споры и ЖКХ', '2024-07-08 11:45:00', NULL, 'Рассмотрение', NULL, 3, 5),
	(10, '2024-3-3', 'Социальное обеспечение', '2024-08-20 09:55:00', '2024-10-23 16:30:00', 'Закрыт', 'Отказано', 3, 5),
	(11, '2024-2-3', 'Гражданские споры', '2024-09-23 15:25:00', '2024-11-20 14:30:00', 'Закрыт', 'Отказано', 2, 4),
	(12, '2024-4-3', 'Гражданские споры', '2024-10-22 11:55:00', NULL, 'Рассмотрение', NULL, 4, 7),
	(13, '2024-1-4', 'Семейные споры', '2024-11-20 10:55:00', NULL, 'Рассмотрение', NULL, 1, 1);
/*!40000 ALTER TABLE `processes` ENABLE KEYS */;

/*!40101 SET SQL_MODE=IFNULL(@OLD_SQL_MODE, '') */;
/*!40014 SET FOREIGN_KEY_CHECKS=IFNULL(@OLD_FOREIGN_KEY_CHECKS, 1) */;
/*!40101 SET CHARACTER_SET_CLIENT=@OLD_CHARACTER_SET_CLIENT */;
/*!40111 SET SQL_NOTES=IFNULL(@OLD_SQL_NOTES, 1) */;
